Workbook

Sheet 用例统计
A1: 邀请奖励2.0 - 测试用例统计 (V2.0)
A3: 优先级定义标准:
A4: P1(阻断级) | B4: 核心主流程不可用/资金安全风险/数据丢失。发版前必须100%通过
A5: P2(核心功能) | B5: 主要功能正确性问题，有临时绕过方案。发版前必须通过
A6: P3(重要功能) | B6: 非核心功能异常或边界处理不当。发版前应通过
A7: P4(一般功能) | B7: UI展示问题/文案错误/非关键交互异常。发版后修复
A8: P5(优化建议) | B8: 性能优化/样式微调/兼容性/无障碍。迭代优化
A11: 模块 | B11: 用例数 | C11: P1 | D11: P2 | E11: P3 | F11: P4 | G11: P5
A12: 开关机制与防回溯 | B12: =COUNTA(开关机制与防回溯!A3:A200) -> 6 | C12: =COUNTIF(开关机制与防回溯!C3:C200,"P1") -> 2 | D12: =COUNTIF(开关机制与防回溯!C3:C200,"P2") -> 4 | E12: =COUNTIF(开关机制与防回溯!C3:C200,"P3") -> 0 | F12: =COUNTIF(开关机制与防回溯!C3:C200,"P4") -> 0 | G12: =COUNTIF(开关机制与防回溯!C3:C200,"P5") -> 0
A13: 奖励配置与券选择 | B13: =COUNTA(奖励配置与券选择!A3:A200) -> 9 | C13: =COUNTIF(奖励配置与券选择!C3:C200,"P1") -> 0 | D13: =COUNTIF(奖励配置与券选择!C3:C200,"P2") -> 5 | E13: =COUNTIF(奖励配置与券选择!C3:C200,"P3") -> 4 | F13: =COUNTIF(奖励配置与券选择!C3:C200,"P4") -> 0 | G13: =COUNTIF(奖励配置与券选择!C3:C200,"P5") -> 0
A14: 次数限制与触发条件 | B14: =COUNTA(次数限制与触发条件!A3:A200) -> 9 | C14: =COUNTIF(次数限制与触发条件!C3:C200,"P1") -> 1 | D14: =COUNTIF(次数限制与触发条件!C3:C200,"P2") -> 5 | E14: =COUNTIF(次数限制与触发条件!C3:C200,"P3") -> 3 | F14: =COUNTIF(次数限制与触发条件!C3:C200,"P4") -> 0 | G14: =COUNTIF(次数限制与触发条件!C3:C200,"P5") -> 0
A15: 券发放与回退链路 | B15: =COUNTA(券发放与回退链路!A3:A200) -> 11 | C15: =COUNTIF(券发放与回退链路!C3:C200,"P1") -> 2 | D15: =COUNTIF(券发放与回退链路!C3:C200,"P2") -> 7 | E15: =COUNTIF(券发放与回退链路!C3:C200,"P3") -> 2 | F15: =COUNTIF(券发放与回退链路!C3:C200,"P4") -> 0 | G15: =COUNTIF(券发放与回退链路!C3:C200,"P5") -> 0
A16: 并发一致性与异常容错 | B16: =COUNTA(并发一致性与异常容错!A3:A200) -> 6 | C16: =COUNTIF(并发一致性与异常容错!C3:C200,"P1") -> 0 | D16: =COUNTIF(并发一致性与异常容错!C3:C200,"P2") -> 6 | E16: =COUNTIF(并发一致性与异常容错!C3:C200,"P3") -> 0 | F16: =COUNTIF(并发一致性与异常容错!C3:C200,"P4") -> 0 | G16: =COUNTIF(并发一致性与异常容错!C3:C200,"P5") -> 0
A17: C端展示与可见性 | B17: =COUNTA(C端展示与可见性!A3:A200) -> 8 | C17: =COUNTIF(C端展示与可见性!C3:C200,"P1") -> 0 | D17: =COUNTIF(C端展示与可见性!C3:C200,"P2") -> 0 | E17: =COUNTIF(C端展示与可见性!C3:C200,"P3") -> 6 | F17: =COUNTIF(C端展示与可见性!C3:C200,"P4") -> 2 | G17: =COUNTIF(C端展示与可见性!C3:C200,"P5") -> 0
A18: 权限审计与安全 | B18: =COUNTA(权限审计与安全!A3:A200) -> 5 | C18: =COUNTIF(权限审计与安全!C3:C200,"P1") -> 1 | D18: =COUNTIF(权限审计与安全!C3:C200,"P2") -> 2 | E18: =COUNTIF(权限审计与安全!C3:C200,"P3") -> 2 | F18: =COUNTIF(权限审计与安全!C3:C200,"P4") -> 0 | G18: =COUNTIF(权限审计与安全!C3:C200,"P5") -> 0
A19: 兼容性与回归 | B19: =COUNTA(兼容性与回归!A3:A200) -> 5 | C19: =COUNTIF(兼容性与回归!C3:C200,"P1") -> 0 | D19: =COUNTIF(兼容性与回归!C3:C200,"P2") -> 0 | E19: =COUNTIF(兼容性与回归!C3:C200,"P3") -> 1 | F19: =COUNTIF(兼容性与回归!C3:C200,"P4") -> 4 | G19: =COUNTIF(兼容性与回归!C3:C200,"P5") -> 0
A20: 合计 | B20: =SUM(B12:B19) -> 59 | C20: =SUM(C12:C19) -> 6 | D20: =SUM(D12:D19) -> 29 | E20: =SUM(E12:E19) -> 18 | F20: =SUM(F12:F19) -> 6 | G20: =SUM(G12:G19) -> 0

Sheet 缺失分析与优化记录
A1: 邀请奖励2.0 - 缺失分析与优化记录
A3: 编号 | B3: 缺失/优化项 | C3: 原因分析 | D3: 处理措施 | E3: 严重度 | F3: 状态
A4: G001 | B4: 多券组合发放策略 | C4: 已确认:交易和租赁一次只能用一张优惠券(目前版本)，配置多张券时用户选择使用 | D4: 在INV-ISS-002中验证多券配置下单次仅用一张 | E4: P2 | F4: 已确认
A5: G002 | B5: 被邀请人奖励当前版本未实现 | C5: 需求注明被邀请人奖励后续迭代补充，当前版本仅关注邀请人 | D5: 当前用例仅覆盖邀请人奖励，被邀请人奖励在后续迭代补充时新增用例 | E5: P2 | F5: 待迭代
A6: G003 | B6: 券发放后不回收 | C6: 已确认:已经发放的优惠券不进行收回，无论邀请关系是否撤销 | D6: 在INV-ISS-004中验证撤销关系后已发放券不回收 | E6: P2 | F6: 已确认
A7: G004 | B7: 券到期后未领取不显示已过期无法使用 | C7: 已确认:配置的券到期还未领取就不在客户端显示，已过期就无法使用 | D7: 在INV-ISS-005中验证到期后客户端不显示且无法使用 | E7: P2 | F7: 已确认
A8: G005 | B8: 次数限制修改后超限用户不回退 | C8: 已确认:次数限制修改后超过的部分用户不对优惠券进行回退，用户依然可以使用 | D8: 在INV-LMT-007中验证修改上限后超限用户券不回退 | E8: P2 | F8: 已确认
A9: G006 | B9: 一个用户只能有一个上级 | C9: 已确认:一个人只能输一个人的邀请码，无法同时被两个人邀请，成为一个人的下级不能再成为另一个人的下级 | D9: 在INV-CONC-006中验证唯一上级绑定 | E9: P2 | F9: 已确认
A10: G007 | B10: 邀请码永久有效 | C10: 已确认:邀请码永久有效，无过期时间 | D10: 在INV-LMT-006中验证邀请码长期有效性 | E10: P3 | F10: 已确认
A11: G008 | B11: 开关切换1秒防抖 | C11: 已确认:开关切换在一秒内无法重复点击，增加防抖机制 | D11: 在INV-COMP-004中验证1秒防抖 | E11: P3 | F11: 已确认
A12: G009 | B12: 注销后重新注册的邀请关系处理 | C12: 已确认:邀请奖励绑定手机号，一个手机号算一个用户；注销后再注册自动绑定到原先上级或识别为老用户无法触发邀请奖励；注销后再注册与原先上下级关系消失，需重新绑定 | D12: 在INV-ISS-007中覆盖注销重注册场景 | E12: P1 | F12: 已确认
A13: G010 | B13: 后台修改次数未确认默认原值 | C13: 已确认:后台对邀请人数进行更改时，未确认之前默认为更改前的人数限制 | D13: 在INV-LMT-007中验证未确认前保持原值 | E13: P2 | F13: 已确认
A14: G011 | B14: 弹窗优先级与发放逻辑 | C14: PRD 7.1/7.3/7.4规定了弹窗优先级(新人>邀请>通用)和发放逻辑(可手动领取vs不可手动领取)，原用例未覆盖 | D14: 新增INV-ISS-008~011覆盖弹窗优先级、发放逻辑、重复弹窗规则 | E14: P2 | F14: 已补充
... A19: G016 | B19: 数据埋点验证 | C19: PRD 9定义了5个埋点事件，原用例未覆盖 | D19: 新增INV-UI-008覆盖弹窗曝光/一键领取/关闭/前往使用/邀请成功埋点 | E19: P4 | F19: 已补充

Sheet 开关机制与防回溯
A1: 邀请奖励2.0 - 开关机制与防回溯
A2: 用例编号 | B2: 测试项 | C2: 优先级 | D2: 归属版本 | E2: 前置条件 | F2: 输入/执行步骤 | G2: 预计结果 | H2: 实际结果 | I2: 是否通过
A3: INV-SW-001 | B3: 关闭状态配置可编辑 | C3: P2 | D3: V2.0 | E3: 邀请奖励开关处于关闭状态，管理员已登录后台 | F3: 1. 进入邀请奖励配置页 2. 修改奖励类型、选择优惠券、设置次数 3. 保存配置 4. 查看是否提示保存成功 5. 刷新页面确认配置已持久化 | G3: 关闭状态下所有配置项可编辑；保存成功后配置持久化；不会触发任何奖励发放 | H3: 关闭状态下，可编辑；开启状态，不可编辑 | I3: PASS
A4: INV-SW-002 | B4: 开启状态配置锁定 | C4: P2 | D4: V2.0 | E4: 邀请奖励开关处于开启状态，已有有效配置 | F4: 1. 进入邀请奖励配置页 2. 尝试修改奖励类型、优惠券、次数 3. 尝试保存修改 4. 查看操作列是否仅显示关闭开关 5. 刷新后确认配置未被修改 | G4: 开启状态下配置项不可编辑或保存被拦截；仅可操作关闭开关；配置保持开启时的状态不变 | H4: 关闭状态下，可编辑；开启状态，不可编辑 | I4: PASS
A5: INV-SW-003 | B5: 开启时校验至少一张券 | C5: P1 | D5: V2.0 | E5: 开关处于关闭状态，未选择任何优惠券 | F5: 1. 移除所有已选优惠券 2. 点击开启开关 3. 查看是否被拦截并提示 4. 补选一张有效券后再次开启 5. 查看开关状态 | G5: 未选券时开启被后端参数校验拦截；提示「至少选择一张优惠券」；开关保持关闭状态；补选后开启成功 | H5: 唯有优惠劵时，开启提示：“请至少选择一张优惠券后再开启邀请奖励” | I5: PASS
A6: INV-SW-004 | B6: 重开后不补发关闭期间邀请奖励 | C6: P1 | D6: V2.0 | E6: 开关开启中，有用户A通过邀请码注册了账号但未获得奖励(因开关即将关闭) | F6: 1. 记录关闭前最后一条邀请记录 2. 关闭开关 3. 在关闭期间模拟被邀请人B通过邀请码注册 4. 重新开启开关 5. 查看被邀请人B的邀请人是否获得关闭期间的奖励 6. 查看开关开启后的新邀请是否正常发放 | G6: 关闭期间的邀请不补发奖励(防回溯)；开关开启后的新邀请正常触发奖励；关闭期间的邀请关系已建立但不发券 | H6: 1.关闭时邀请的不补发 2.开启后正常触发奖励 | I6: PASS
A7: INV-SW-005 | B7: 开关多次切换状态与配置保持 | C7: P2 | D7: V2.0 | E7: 管理员已登录，初始状态为关闭 | F7: 1. 配置奖励参数并开启 2. 关闭开关 3. 修改配置 4. 再次开启 5. 再次关闭 6. 每次切换后检查配置锁定/解锁状态和配置数据完整性 | G7: 每次切换状态正确(关闭=可编辑/开启=锁定)；配置数据在切换过程中不丢失；多次切换后配置为最后一次关闭时保存的值 | H7: 保存为最后一次 | I7: PASS
A8: INV-SW-006 | B8: 关闭期间新邀请不触发奖励但建立关系 | C8: P2 | D8: V2.0 | E8: 开关处于关闭状态 | F8: 1. 确认开关关闭 2. 被邀请人C通过邀请码注册 3. 查看邀请人账户是否收到券 4. 查看上下级关系是否已建立 5. 开启开关后查看C的邀请人是否补发 | G8: 关闭期间新邀请不发放奖励券；上下级邀请关系已正常建立；开启后不补发关闭期间的奖励；后续分销奖励不受影响 | H8: 关闭期间新邀请不触发奖励但建立关系 | I8: PASS

Sheet 奖励配置与券选择
A1: 邀请奖励2.0 - 奖励配置与券选择
A2: 用例编号 | B2: 测试项 | C2: 优先级 | D2: 归属版本 | E2: 前置条件 | F2: 输入/执行步骤 | G2: 预计结果 | H2: 实际结果 | I2: 是否通过
A3: INV-CFG-001 | B3: 仅展示进行中的优惠券 | C3: P2 | D3: V2.0 | E3: 系统中存在进行中、未开始、已结束三种状态的优惠券 | F3: 1. 进入邀请奖励配置页 2. 点击选择优惠券 3. 查看券列表中包含哪些状态的券 4. 核对进行中券是否全部展示 5. 核对未开始和已结束券是否不可见 | G3: 券选择列表仅展示进行中的优惠券；未开始和已结束的券不可见(可见性不可见断言)；进行中券全部展示无遗漏 | H3: 仅展示所有进行中的优惠劵 | I3: PASS
A4: INV-CFG-002 | B4: 已结束和未开始券不可见 | C4: P2 | D4: V2.0 | E4: 系统中存在已结束和未开始状态的优惠券 | F4: 1. 进入券选择弹窗 2. 搜索已结束的券名称 3. 搜索未开始的券名称 4. 通过接口直接请求券列表 5. 查看返回数据是否包含非进行中券 | G4: 已结束和未开始券在弹窗中不可见；接口返回数据仅包含进行中券；搜索不可绕过状态过滤 | H4: 已结束和未开始券在弹窗中不可见 | I4: PASS
A5: INV-CFG-003 | B5: 已添加券去重不重复展示 | C5: P2 | D5: V2.0 | E5: 已选中券CP20260630001 | F5: 1. 打开券选择弹窗 2. 查看CP20260630001在列表中的展示 3. 尝试再次添加该券 4. 查看已选券列表是否出现重复 5. 查看操作列展示 | G5: 已添加的券在列表中标记为「已添加」或不可再次选择；已选券列表无重复项；去重逻辑前后端一致 | H5: 已添加的券在列表中标记为「已添加」或不可再次选择，鼠标移上去变成禁止符号 | I5: PASS
A6: INV-CFG-004 | B6: 添加后弹窗不关闭可继续添加 | C6: P3 | D6: V2.0 | E6: 优惠券选择弹窗已打开 | F6: 1. 选择一张有效券并确认添加 2. 查看弹窗是否关闭 3. 继续选择第二张券并添加 4. 查看已选券列表是否新增 5. 手动关闭弹窗 | G6: 添加券后弹窗保持打开状态；可连续添加多张券；已选券列表实时更新；手动关闭弹窗后已选券保留 | H6: 添加完优惠卷，弹窗自动关闭 | I6: PASS
A7: INV-CFG-005 | B7: 优惠券详情正确展示 | C7: P3 | D7: V2.0 | E7: 已选券列表包含满减券和折扣券 | F7: 1. 查看已选券CP20260630001详情 2. 核对券类型(满减)、面额(满100减20)、业务线(账号交易)、有效期(2026.06-2026.07) 3. 查看已选券CP20260630002详情 4. 核对券类型(折扣8.5折)、业务线(全平台)、门槛(无门槛)、有效期(2026.07-2026.08) 5. 检查长名称券是否截断或换行 | G7: 券类型、面额、业务线、有效期等字段完整准确展示；满减券和折扣券展示格式区分清晰；长名称券自动换行不截断 | H7: 展示清晰，长字段省略，点击或鼠标放上去展示 | I7: PASS
A8: INV-CFG-006 | B8: 移除已选券操作 | C8: P3 | D8: V2.0 | E8: 已选券列表有2张券 | F8: 1. 点击其中一张券的移除按钮 2. 查看该券是否从已选列表移除 3. 打开券选择弹窗查看该券是否恢复可选 4. 在开关开启状态下尝试移除 5. 查看移除是否被锁定拦截 | G8: 关闭状态下移除成功且列表更新；移除后该券在弹窗中恢复可选；开启状态下移除操作被锁定拦截 | H8: 关闭状态下删除成功且列表更新；移除后该券在弹窗中恢复可选；开启状态下移除操作被锁定拦截 | I8: PASS
A9: INV-CFG-007 | B9: 奖励类型仅优惠券且默认选中 | C9: P3 | D9: V2.0 | E9: 进入邀请奖励配置页 | F9: 1. 查看奖励类型选项 2. 确认当前可选类型 3. 确认默认选中项 4. 尝试切换其他类型(如有) 5. 查看后续扩展兼容性注释或提示 | G9: 当前仅支持优惠券类型且默认选中；无其他类型可选；后续新增类型直接加选项即可(需求已注明) | H9: 可以选择优惠劵配置中所有开启的优惠劵 | I9: PASS
A10: INV-CFG-008 | B10: 配置的券被删除后已选列表自动移除 | C10: P2 | D10: V2.0 | E10: 邀请奖励已配置优惠券A，开关处于关闭状态 | F10: 1. 记录当前已选券列表 2. 后台删除优惠券A 3. 刷新邀请奖励配置页 4. 查看已选券列表是否自动移除券A 5. 查看已领取该券的用户券包是否受影响 6. 开启开关查看是否正常 | G10: 已选列表自动移除被删除的券A；已领取用户券包不受影响，券仍可用；剩余券满足开启条件时可正常开启；被删除券的发放记录仍保留可追溯 | H10: 后台优惠劵模块删除不影响已经发放的优惠劵；被关闭/删除的优惠劵卡包不可见 | I10: PASS
A11: INV-CFG-009 | B11: 同一券被多模块引用独立发放 | C11: P2 | D11: V2.0 | E11: 优惠券B同时被新人奖励和邀请奖励引用，开关均开启 | F11: 1. 确认优惠券B同时在新人奖励和邀请奖励的已选列表中 2. 新用户注册触发新人奖励，获得券B 3. 被邀请人通过邀请码注册，邀请人获得券B 4. 查看两个模块的发放记录 5. 查看用户券包中是否存在多张券B | G11: 新人奖励和邀请奖励独立发放券B，不跨模块去重；用户可在不同弹窗中分别领取同一张券；账户中存在多张券B；各模块发放记录独立完整 | H11: 新人奖励和邀请奖励独立发放券B，不跨模块去重卷包显示有两张B优惠劵；用户可在不同弹窗中分别领取同一张券；账户中存在多张券B；各模块发放记录独立完整 | I11: PASS

Sheet 次数限制与触发条件
A1: 邀请奖励2.0 - 次数限制与触发条件
A2: 用例编号 | B2: 测试项 | C2: 优先级 | D2: 归属版本 | E2: 前置条件 | F2: 输入/执行步骤 | G2: 预计结果 | H2: 实际结果 | I2: 是否通过
A3: INV-LMT-001 | B3: 次数为0代表不限制 | C3: P2 | D3: V2.0 | E3: 开关关闭，次数配置项可编辑 | F3: 1. 将最大获得奖励次数设置为0 2. 保存配置 3. 开启开关 4. 模拟邀请人发起超过3次邀请且被邀请人均注册 5. 查看每次邀请是否都发放奖励 6. 查看C端展示 | G3: 次数=0时不限制奖励发放次数；每次有效邀请均发放奖励；C端不展示上限或展示为不限 | H3: 1.次数=0时不限制奖励发放次数 2.每次有效邀请均发放奖励 3.客户端不展示上限或展示为不限 | I3: PASS
A4: INV-LMT-002 | B4: 达上限后不发券 | C4: P1 | D4: V2.0 | E4: 邀请人已获得2次奖励，上限配置为3次 | F4: 1. 邀请人发起第3次有效邀请(被邀请人注册) 3. 查看是否正常发放第3次奖励 3. 邀请人发起第4次有效邀请 4. 查看是否发放奖励 5. 查看C端展示「已获得3/3次」 | G4: 第3次正常发放奖励；第4次不发放奖励券；C端展示「已获得3/3次」；不突破次数限制 | H4: 第3次正常发放奖励；第4次不发放奖励券；C端展示「已获得3/3次」；不突破次数限制 | I4: PASS
A5: INV-LMT-003 | B5: 达上限后上下级关系仍建立 | C5: P2 | D5: V2.0 | E5: 邀请人已达奖励上限3次 | F5: 1. 邀请人发起第4次邀请 2. 被邀请人通过邀请码注册 3. 查看上下级关系是否建立 4. 查看分销系统是否有该邀请关系记录 5. 模拟被邀请人产生分销佣金 | G5: 达上限后上下级关系正常建立；分销系统有该邀请关系记录；被邀请人产生的分销佣金正常计算不受影响 | H5: 达上限后上下级关系正常建立；分销系统有该邀请关系记录；被邀请人产生的分销佣金正常计算不受影响 | I5: PASS
A6: INV-LMT-004 | B6: 达上限后分销奖励不受影响 | C6: P2 | D6: V2.0 | E6: 邀请人已达奖励上限，被邀请人已注册并产生租赁订单 | F6: 1. 确认邀请人已达邀请奖励上限 2. 被邀请人完成租赁订单 3. 查看分销佣金是否正常计算和发放 4. 查看分销奖励与邀请奖励是否独立 5. 修改上限后查看分销奖励是否追溯 | G6: 分销佣金正常计算和发放；邀请奖励与分销奖励互相独立；修改邀请奖励上限不影响已产生的分销佣金 | H6: 分销佣金正常计算和发放；邀请奖励与分销奖励互相独立；修改邀请奖励上限不影响已产生的分销佣金 | I6: PASS
A7: INV-LMT-005 | B7: 次数输入异常值前端校验 | C7: P3 | D7: V2.0 | E7: 开关关闭，次数配置可编辑 | F7: 1. 输入负数(如-1)并保存 2. 输入非数字(如abc)并保存 3. 输入小数(如3.5)并保存 4. 输入超大值(如99999999)并保存 5. 输入空值并保存 | G7: 负数被前端校验拦截并提示；非数字输入被拦截；小数被拦截或取整；超大值被范围校验拦截或允许；空值被必填校验拦截 | H7: 负数拦截；非数字输入被拦截；小数被拦截或取整；超大值被范围校验拦截或允许；空值拦截 | I7: PASS
A8: INV-LMT-006 | B8: 邀请码和邀请链接两种触发方式 | C8: P2 | D8: V2.0 | E8: 邀请人已有邀请码和邀请链接，开关已开启 | F8: 1. 被邀请人A通过邀请码注册并且产生交易 2. 查看邀请人是否获得奖励 3. 被邀请人B通过邀请链接注册并且产生交易 4. 查看邀请人是否获得奖励 5. 对比两种触发方式的发放结果 6. 验证邀请码永久有效(长期不过期) | G8: 邀请码注册正常触发奖励；邀请链接注册正常触发奖励；两种方式发放的奖励一致；已确认规则:邀请码永久有效无过期时间 | H8: 邀请码永久有效，邀请码和邀请链接效果一致 | I8: PASS
A9: INV-LMT-007 | B9: 后台修改次数未确认前保持原值与超限不回退 | C9: P2 | D9: V2.0 | E9: 当前次数上限为5，部分用户已获得4-5次奖励，管理员正在修改次数 | F9: 1. 管理员将次数从5修改为3但未点击确认 2. 查看当前生效的次数限制是否仍为5 3. 查看已获得4-5次奖励的用户券是否仍存在 4. 查看超限用户是否仍可使用已获得的券 5. 管理员确认修改为3后查看新邀请是否按3限制 6. 查看已获得4-5次的用户券是否回退 | G9: 已确认规则:后台修改未确认前默认为更改前的人数限制(仍为5)；次数修改后超过的部分用户不对优惠券进行回退，用户依然可以使用；确认后新邀请按新上限限制；已超限用户的已获得券不回退 | H9: 未保留按保留前的标准，按了保留后，标准改变；不对已经发放的优惠劵进行回退 | I9: PASS
A10: INV-LMT-008 | B10: 同一用户作为邀请人和被邀请人独立计算 | C10: P3 | D10: V2.0 | E10: 用户A邀请用户B注册，用户B后续邀请用户C注册，开关开启 | F10: 1. 用户A邀请用户B，B注册成功 2. 查看A是否获得邀请奖励 3. 用户B邀请用户C，C注册成功 4. 查看B是否获得邀请奖励 5. 核对A和B的奖励次数是否独立计算 6. 查看上下级关系链A→B→C是否正确 | G10: A邀请B获得奖励，B邀请C也获得奖励；A和B的奖励次数独立计算互不影响；上下级关系链A→B→C正确建立；每个角色可同时是邀请人和被邀请人 | H10: A邀请B获得奖励，B邀请C也获得奖励；A和B的奖励次数独立计算互不影响；上下级关系链A→B→C正确建立；每个角色可同时是邀请人和被邀请人 | I10: PASS
A11: INV-LMT-009 | B11: 同一手机号多账户注册限制 | C11: P3 | D11: V2.0 | E11: 手机号138xxxx8888已注册平台账户，开关开启 | F11: 1. 使用已注册的手机号138xxxx8888尝试再次注册 2. 查看系统是否拦截 3. 尝试通过不同设备使用同一手机号注册 4. 查看是否提示手机号已被注册 5. 确认邀请奖励不会因重复注册而触发 | G11: 平台限制一个手机号只能注册一个账户；重复注册被拦截并提示；不同设备使用同一手机号同样被拦截；不会因重复注册触发邀请奖励 | H11: 平台限制一个手机号只能注册一个账户；注销后重复注册被拦截并提示：已注销账号；不同设备使用同一手机号同样被拦截；不会因重复注册交易触发邀请奖励 | I11: PASS

Sheet 券发放与回退链路
A1: 邀请奖励2.0 - 券发放与回退链路
A2: 用例编号 | B2: 测试项 | C2: 优先级 | D2: 归属版本 | E2: 前置条件 | F2: 输入/执行步骤 | G2: 预计结果 | H2: 实际结果 | I2: 是否通过
A3: INV-ISS-001 | B3: 邀请交易成功-券正确发放到邀请人账户 | C3: P2 | D3: V2.0 | E3: 开关已开启，配置1张满减券，邀请人未达上限 | F3: 1. 被邀请人通过邀请码完成注册 2. 查看邀请人优惠券列表 3. 核对券类型、面额、有效期 4. 查看发放流水记录 5. 查看邀请人券包中券状态为可用 | G3: 邀请人账户收到正确券；券类型/面额/有效期与配置一致；发放流水记录完整(邀请人/被邀请人/券ID/时间)；券状态为可用 | H3: 邀请人同时收到邀请奖励优惠劵；优惠劵可追溯，优惠劵状态可用 | I3: PASS
A4: INV-ISS-002 | B4: 多券组合配置与单次使用一张 | C4: P2 | D4: V2.0 | E4: 开关已开启，配置2张券(满减券+折扣券)，邀请人未达上限 | F4: 1. 被邀请人通过邀请码注册 2. 查看邀请人收到的券数量 3. 核对收到的券是否为配置的全部券 4. 邀请人创建交易/租赁订单时选择券 5. 验证一次只能使用一张优惠券 6. 查看使用后剩余券是否仍可用 | G4: 邀请人收到配置的全部券；交易和租赁订单一次只能使用一张优惠券(目前版本)；使用一张后剩余券仍可在后续订单中使用；发放记录可追溯 | H4: 收到所有开启的优惠劵；一次只能用一张优惠劵；后续可以继续使用剩余的优惠劵 | I4: PASS
A5: INV-ISS-003 | B5: 重复邀请同一人不重复发放 | C5: P1 | D5: V2.0 | E5: 邀请人已通过邀请码邀请被邀请人C并已获得奖励 | F5: 1. 邀请人再次用邀请码邀请C(同一手机号/账号) 2. 查看是否再次发放奖励 3. 通过接口重放邀请注册请求 4. 查看邀请人奖励次数是否增加 5. 查看券包是否有重复券 | G5: 同一被邀请人不重复发放奖励；接口重放被后端唯一性校验(唯一索引)拦截；邀请人奖励次数不增加；券包无重复券 | H5: 邀请奖励不重复发放 | I5: PASS
A6: INV-ISS-004 | B6: 邀请关系撤销后已发放券不回收 | C6: P2 | D6: V2.0 | E6: 邀请人已因邀请C获得奖励券且券未使用 | F6: 1. 后台撤销邀请人与C的邀请关系 2. 查看邀请人已获得的奖励券是否仍存在 3. 查看券状态是否仍为可用 4. 尝试使用该券下单 5. 查看邀请人奖励次数是否变化 6. 查看撤销记录是否可追溯 | G6: 已确认规则:已发放的优惠券不进行收回；撤销关系后券仍存在于邀请人券包中；券状态仍为可用可正常使用；邀请人奖励次数不回退；撤销记录可追溯 | H6: 优惠劵不回退 | I6: PASS
A7: INV-ISS-005 | B7: 券到期后未领取不显示且无法使用 | C7: P2 | D7: V2.0 | E7: 配置的优惠券即将到期，开关已开启 | F7: 1. 配置一张即将到期的券(1小时后到期) 2. 开启开关 3. 等待券到期后模拟邀请注册 4. 查看是否尝试发放 5. 查看已过期券在客户端是否显示 6. 尝试使用已过期券下单 | G7: 已确认规则:配置的券到期还未领取就不在客户端显示；已过期的券无法使用；到期后新邀请不发放该券；有失败记录和告警；邀请关系正常建立 | H7: 到期优惠劵未领取的不在显示，已经领取的显示已经过期无法使用 | I7: PASS
A8: INV-ISS-006 | B8: 发放记录流水完整性 | C8: P3 | D8: V2.0 | E8: 有多条邀请奖励发放记录 | F8: 1. 查看发放流水列表 2. 核对每条记录包含：邀请人ID/被邀请人ID/券ID/发放时间/发放状态/触发方式 3. 按时间/邀请人/状态筛选 4. 导出发放记录 5. 查看导出数据脱敏 | G8: 每条发放记录字段完整；筛选功能正常；导出数据对敏感字段脱敏(手机号掩码)；流水不可篡改 | H8: 发放记录完整可见可追溯；筛选功能正常；暂不导出；流水不可篡改 | I8: PASS
A9: INV-ISS-007 | B9: 注销后重新注册的邀请关系与奖励处理 | C9: P1 | D9: V2.0 | E9: 用户C手机号138xxxx8888已通过邀请码注册并绑定上级A，C已注销账号 | F9: 1. C使用同一手机号138xxxx8888重新注册 2. 查看系统是否识别C为老用户 3. 查看C是否自动绑定到原先上级A或无法触发邀请奖励 4. 查看C注销后与原先上下级关系是否消失 5. C重新输入B的邀请码尝试绑定新上级 6. 查看是否需要重新绑定才能建立关系 | G9: 已确认规则:邀请奖励绑定手机号，一个手机号算一个用户；注销后再注册自动绑定到原先上级或识别为老用户无法触发邀请奖励；注销后再注册与原先上下级关系消失，需重新绑定；重新绑定后正常建立新上下级关系 | H9: 未识别未老用户，重新绑定显示为新用户 | I9: FAIL
A10: INV-ISS-008 | B10: 弹窗优先级-新人>邀请>通用领券 | C10: P2 | D10: V2.0 | E10: 邀请人同时有未领取的邀请奖励券和通用领券，且被邀请人为新用户触发新人奖励 | F10: 1. 邀请人登录C端 2. 查看弹窗弹出顺序 3. 确认新人奖励弹窗优先弹出 4. 关闭新人奖励弹窗后查看邀请奖励弹窗 5. 关闭邀请奖励弹窗后查看通用领券弹窗 6. 核对弹窗顺序是否符合优先级规则 | G10: 弹窗按优先级顺序弹出：新人奖励(1)→邀请奖励(2)→通用领券(3)；每个弹窗关闭后才弹下一个；仅有一个弹窗时直接弹出该弹窗 | H10: 弹窗按优先级顺序弹出：新人奖励(1)通用领券(2)，邀请奖励优惠劵自动发放到用户卷包中；每个弹窗关闭后才弹下一个；仅有一个弹窗时直接弹出该弹窗 | I10: PASS
A11: INV-ISS-009 | B11: 不可手动领取券即刻到账标记已领取 | C11: P2 | D11: V2.0 | E11: 开关开启，配置的优惠券为不可手动领取类型，邀请人未达上限 | F11: 1. 被邀请人通过邀请码完成注册 2. 立即查看邀请人券包 3. 查看券状态是否为已领取 4. 查看弹窗中该券是否标记「已领取」 5. 核对发放时间是否为注册完成时刻 | G11: 不可手动领取的券在被邀请人注册完成时即刻到账；券状态标记为「已领取」；弹窗中该券显示「已领取」而非「待领取」；发放时间为注册完成时刻 | H11: 不可手动领取的券在被邀请人注册完成时即刻实时到账；券状态标记为「已领取」；系统自动发放到邀请人用户卷包中；发放时间为注册完成时刻 | I11: PASS
A12: INV-ISS-010 | B12: 可手动领取券弹窗待领取一键领取 | C12: P2 | D12: V2.0 | E12: 开关开启，配置的优惠券为可手动领取类型，邀请人未达上限 | F12: 1. 被邀请人通过邀请码完成注册 2. 邀请人登录后查看弹窗 3. 查看券是否标记「待领取」 4. 点击「一键领取」按钮 5. 查看券是否到账 6. 查看弹窗底部按钮是否变为「前往使用」 | G12: 可手动领取的券在弹窗中标记「待领取」；点击一键领取后券到账；领取后底部按钮变为「前往使用」；全部领取后不再弹出该弹窗 | H12: 可手动领取的券在弹窗中标记「待领取」；点击一键领取后券到账；领取后底部按钮变为「前往使用」；全部领取后不再弹出弹窗 | I12: PASS
A13: INV-ISS-011 | B13: 重复弹窗规则-未领取继续弹全部领取不弹 | C13: P3 | D13: V2.0 | E13: 邀请人有未领取的邀请奖励券，已弹窗但未领取 | F13: 1. 邀请人登录弹出邀请奖励弹窗 2. 不领取直接关闭弹窗 3. 退出重新登录 4. 查看弹窗是否再次弹出 5. 一键领取全部券 6. 再次退出重新登录 7. 查看是否不再弹出邀请奖励弹窗 | G13: 存在未领取的券时下次登录继续弹窗；全部领取后不再弹出邀请奖励弹窗；弹窗规则与新人奖励、通用领券一致 | H13: 存在未领取的可手动领取的优惠券时下次登录在商品详情页面可继续弹窗；全部领取后不再弹出邀请奖励弹窗；弹窗规则与新人奖励、通用领券一致 | I13: PASS

Sheet 并发一致性与异常容错
A1: 邀请奖励2.0 - 并发一致性与异常容错
A2: 用例编号 | B2: 测试项 | C2: 优先级 | D2: 归属版本 | E2: 前置条件 | F2: 输入/执行步骤 | G2: 预计结果 | H2: 实际结果 | I2: 是否通过
A3: INV-CONC-001 | B3: 并发邀请同一被邀请人去重与唯一上级 | C3: P2 | D3: V2.0 | E3: 两个邀请人A和B同时邀请同一被邀请人C | F3: 1. 构造并发请求：A和B同时用各自邀请码邀请C 2. 查看C最终归属哪个邀请人 3. 查看是否只发放一次奖励 4. 查看另一个邀请人是否未获得奖励 5. C已有上级后尝试输入D的邀请码 6. 查看C是否无法成为D的下级 | G3: 已确认规则:一个人只能输一个人的邀请码，无法同时被两个人邀请；并发请求通过后端并发校验(乐观锁/分布式锁)去重；C仅归属一个邀请人；成为一个人的下级后不能再成为另一个人的下级；仅发放一次奖励 | H3: 1.一个人只能输一个人的邀请码，无法同时被两个人邀请 2.成为一个人的下级后不能再成为另一个人的下级 3.仅发放一次奖励 | I3: PASS
A4: INV-CONC-002 | B4: 开关切换并发的配置一致性 | C4: P2 | D4: V2.0 | E4: 管理员A正在保存配置，管理员B同时切换开关 | F4: 1. 管理员A修改配置并点击保存 2. 同时管理员B点击开启开关 3. 查看最终配置和开关状态 4. 查看是否出现配置与开关状态不一致 5. 查看是否有冲突提示 | G4: 后端并发校验识别冲突；不出现配置已改但开关仍锁定或反之的状态不一致；至少一方收到冲突提示需刷新重试 | H4: 1.异步访问，要重新刷新才能得到信息 2.不出现配置已改但开关仍锁定或反之的状态不一致 | I4: PASS
A5: INV-CONC-003 | B5: 发券服务超时失败的容错 | C5: P2 | D5: V2.0 | E5: 模拟发券服务超时或返回500 | F5: 1. 被邀请人交易完成触发奖励发放 2. 模拟发券服务超时 3. 查看系统是否重试 4. 查看邀请关系和奖励次数状态 5. 恢复服务后查看是否补发 | G5: 发券失败不导致邀请关系丢失；有重试机制或失败队列；奖励次数不因失败错误增加；恢复后可补发或人工补发 | H5: 有重试机制，可以人工补发优惠劵；奖励与第一笔交易挂钩不会增加 | I5: PASS
A6: INV-CONC-004 | B6: 网络断开后重试不重复发放 | C6: P2 | D6: V2.0 | E6: 被邀请人注册过程中网络不稳定 | F6: 1. 被邀请人提交交易成功时网络断开 2. 网络恢复后重试 3. 查看邀请人是否只收到一次奖励 4. 查看注册是否成功 5. 查看是否有重复发放记录 | G6: 网络恢复后注册成功；邀请人仅收到一次奖励；不因重试导致重复发放；数据库无重复记录 | H6: 奖励具有唯一订单关联，无法重复奖励 | I6: PASS
A7: INV-CONC-005 | B7: 数据库事务回退一致性 | C7: P2 | D7: V2.0 | E7: 模拟发放券后数据库写入失败 | F7: 1. 触发奖励发放流程 2. 模拟券发放成功但邀请关系写入失败 3. 查看数据库一致性 4. 查看是否回退已发放的券 5. 查看邀请人奖励次数 | G7: 数据库事务保证原子性；券发放和关系写入要么全成功要么全回退；不出现券已发但关系未记录或反之；回退后奖励次数正确 | H7: 优惠劵要么发放成功要么发放失败，一次奖励只能领取一次，，优惠劵记录可追溯 | I7: PASS
A8: INV-CONC-006 | B8: 成为下级后无法再绑定其他上级 | C8: P2 | D8: V2.0 | E8: 用户C已通过邀请码绑定上级A，开关已开启 | F8: 1. C已绑定上级A并正常建立关系 2. C尝试输入B的邀请码 3. 查看C是否无法成为B的下级 4. 通过接口直接提交绑定B的请求 5. 查看后端是否拦截 6. 查看C与A的上下级关系是否受影响 | G8: 已确认规则:成为一个人的下级不能再成为另一个人的下级；C输入B的邀请码被拦截并提示已有上级；接口直接提交被后端状态机校验拦截；C与A的上下级关系不受影响 | H8: 一个用户只能有一个上级，用户不可以自己解绑；输入邀请码后台拦截；原关系不受影响 | I8: PASS

Sheet C端展示与可见性
A1: 邀请奖励2.0 - C端展示与可见性
A2: 用例编号 | B2: 测试项 | C2: 优先级 | D2: 归属版本 | E2: 前置条件 | F2: 输入/执行步骤 | G2: 预计结果 | H2: 实际结果 | I2: 是否通过
A3: INV-UI-001 | B3: C端已获得次数与上限展示 | C3: P3 | D3: V2.0 | E3: 邀请人已获得2次奖励，上限3次，开关已开启 | F3: 1. 邀请人打开C端邀请页面 2. 查看「已获得x/上限次」展示 3. 核对数值与实际发放记录一致 4. 发起第3次邀请后刷新查看 | G3: C端不可见性，无法知道实际的邀请人数限制，已经邀请的奖励 | H3: C端不可见性，无法知道实际的邀请人数限制，已经邀请的奖励 | I3: PASS
A4: INV-UI-002 | B4: 次数为0时不展示上限 | C4: P3 | D4: V2.0 | E4: 次数配置为0(不限制)，邀请人已获得5次奖励 | F4: 1. 邀请人打开C端邀请页面 2. 发起更多邀请后刷新查看 3. 查看是否有上限提示 4. 对比次数非0时的展示差异 | G4: 次数=0时C端不展示上限或展示为「不限」；已获得次数正常累计；无上限提示阻止邀请；展示与非0配置有明确区分 | H4: 次数=0时C端不展示上限或展示为「不限」；已获得次数正常累计；无上限提示阻止邀请；展示与非0配置有明确区分 | I4: PASS
A5: INV-UI-003 | B5: 邀请奖励入口可见性控制 | C5: P3 | D5: V2.0 | E5: 开关关闭 vs 开关开启两种状态 | F5: 1. 开关关闭时查看C端邀请页是否有奖励提示 2. 开关开启时查看C端邀请页奖励提示 3. 查看邀请码/链接分享页的奖励说明 4. 未登录用户查看邀请页 5. 查看奖励规则说明文案 | G5: 开关关闭时C端不展示奖励相关提示(不可见断言)；开关开启时正常展示奖励规则；未登录用户可见奖励规则引导注册 | H5: 开关关闭时C端不展示奖励相关提示(不可见断言)；开关开启时正常展示奖励规则；未登录用户可见奖励规则引导注册 | I5: PASS
A6: INV-UI-004 | B6: 券领取记录展示 | C6: P3 | D6: V2.0 | E6: 邀请人已获得多张邀请奖励券 | F6: 1. 邀请人查看券领取记录 2. 核对每条记录的券名称/面额/获取时间/来源 3. 查看来源是否标注「邀请奖励」 4. 查看券使用状态 5. 查看长文本券名展示 | G6: 券领取记录完整展示；来源标注为「邀请奖励」；券使用状态正确(未使用/已使用/已过期)；长文本券名自动换行 | H6: 可在后台查看用户领取记录；每一张优惠劵可追溯；长文本优惠劵10字以外自动省略为... | I6: PASS
A7: INV-UI-005 | B7: 空状态与长文本展示 | C7: P4 | D7: V2.0 | E7: 新用户未发起任何邀请 | F7: 1. 新用户打开邀请页面 2. 查看空状态展示和引导文案 3. 查看邀请码/链接复制功能 4. 输入超长邀请码备注 5. 查看窄屏(375px)下的布局 | G7: 空状态有友好引导文案；邀请码/链接可正常复制；超长备注自动换行不溢出；窄屏下布局不错位 | H7: 有良好文案和光标；功能展示正常 | I7: PASS
A8: INV-UI-006 | B8: 达到上限时显示已达最大奖励次数 | C8: P3 | D8: V2.0 | E8: 邀请人已获得3次奖励，上限配置为3，开关开启 | F8: 1. 邀请人打开C端邀请页面 2. 查看「已获得x/上限次」展示 3. 核对显示为「3/3」 4. 查看是否有「已达到最大奖励次数」提示 5. 尝试再次发起邀请 6. 查看邀请功能是否仍可用但提示已达上限 | G8: C端显示「3/3」表示已达上限；显示「已达到最大奖励次数」提示；邀请功能仍可用（可分享邀请码）但不再发放奖励；展示与实际发放记录一致 | H8: 到达最大邀请数量，依旧可以邀请任意人员，但是在交易完成时不在产生邀请优惠经济奖励 | I8: PASS
A9: INV-UI-007 | B9: 弹窗按钮逻辑-待领取显示一键领取 | C9: P3 | D9: V2.0 | E9: 邀请人有待领取的邀请奖励券，开关开启 | F9: 1. 邀请人登录触发弹窗 2. 查看底部按钮文案 3. 确认存在待领取券时按钮为「一键领取」 4. 点击一键领取全部券 5. 查看按钮是否变为「前往使用」 6. 关闭弹窗后重新登录查看是否不再弹出 | G9: 存在待领取券时底部按钮为「一键领取」；全部领取后按钮变为「前往使用」；点击前往使用跳转到券使用页面；全部领取后重新登录不再弹出 | H9: 存在待领取券时底部按钮为「一键领取」；全部领取后按钮变为「前往使用」；点击前往使用跳转到券使用页面；全部领取后重新登录不再弹出 | I9: PASS
A10: INV-UI-008 | B10: 邀请奖励弹窗数据埋点验证 | C10: P4 | D10: V2.0 | E10: 邀请人有未领取的邀请奖励券，已接入埋点上报 | F10: 1. 邀请人登录触发弹窗，检查invite_popup_show事件 2. 点击一键领取，检查invite_popup_claim_all事件 3. 关闭弹窗，检查invite_popup_close事件 4. 点击前往使用，检查invite_popup_goto_use事件 5. 被邀请人注册成功，检查invite_success事件 6. 核对每个事件的上报字段 | G10: 5个埋点事件均正确触发；invite_popup_show上报user_id和coupon_count；invite_popup_claim_all上报user_id和coupon_ids；invite_success上报inviter_id和invitee_id；字段值与实际一致 | H10: 显示正确，功能无异常 | I10: PASS

Sheet 权限审计与安全
A1: 邀请奖励2.0 - 权限审计与安全
A2: 用例编号 | B2: 测试项 | C2: 优先级 | D2: 归属版本 | E2: 前置条件 | F2: 输入/执行步骤 | G2: 预计结果 | H2: 实际结果 | I2: 是否通过
A3: INV-SEC-001 | B3: 仅管理员可配置邀请奖励 | C3: P2 | D3: V2.0 | E3: 管理员、运营人员、普通用户三种角色账号 | F3: 1. 管理员登录后台访问邀请奖励配置页 2. 运营人员登录尝试访问配置页 3. 普通用户尝试通过URL直接访问 4. 通过接口直接调用配置保存接口 5. 查看各角色的访问和操作结果 | G3: 管理员可正常访问和操作；运营人员按RBAC角色校验结果决定可否访问；普通用户接口被后端权限校验(RBAC)拦截；URL直接访问被重定向 | H3: 仅管理员可以配置邀请奖励 | I3: PASS
A4: INV-SEC-002 | B4: 配置变更写入审计日志 | C4: P2 | D4: V2.0 | E4: 管理员具备配置权限 | F4: 1. 新增/移除优惠券并查看审计日志 2. 修改次数限制并查看审计日志 3. 开启/关闭开关并查看审计日志 4. 核对每条日志是否记录操作者/时间/IP/操作类型/变更前值/变更后值 5. 验证日志不可被普通管理员篡改 | G4: 每类变更均记录操作者/时间/IP/操作类型/变更前值/变更后值；高危操作(开关切换/券变更)记录完整；日志不可篡改 | H4: 操作日志上面每类变更均记录操作者/时间/IP/操作类型/变更前值/变更后值；高危操作记录完整；日志不可篡改 | I4: PASS
A5: INV-SEC-003 | B5: 接口越权与参数篡改防护 | C5: P1 | D5: V2.0 | E5: 具备抓包或接口调试能力 | F5: 1. 修改请求中的角色标识为管理员 2. 修改次数为负数绕过前端校验 3. 在开关关闭状态下通过接口强制保存 4. 重放历史保存请求 5. 查看后端是否拦截 | G5: 后端权限校验(RBAC)拦截角色伪造；后端参数校验(必填/格式/范围)拦截负数；后端状态机校验拦截关闭态保存；重放请求被拦截 | H5: 1.后端权限校验拦截角色伪造 2.后端参数校验拦截负数 | I5: PASS
A6: INV-SEC-004 | B6: 敏感数据脱敏 | C6: P3 | D6: V2.0 | E6: 发放记录中包含邀请人和被邀请人手机号 | F6: 1. 管理员查看发放记录列表 2. 查看手机号是否脱敏(如138****8888) 3. 导出发放记录查看脱敏 4. 切换角色查看脱敏差异 5. 点击小眼睛查看明文后刷新回退 | G6: 列表展示手机号脱敏；导出数据同样脱敏；不同角色脱敏规则一致或有差异按RBAC；小眼睛查看明文后刷新恢复脱敏 | H6: 手机号等敏感数据脱敏 | I6: PASS
A7: INV-SEC-005 | B7: 审计日志不可篡改 | C7: P3 | D7: V2.0 | E7: 已有多条审计日志 | F7: 1. 尝试通过后台界面编辑审计日志 2. 通过接口修改日志记录 3. 直接操作数据库修改日志 4. 查看日志是否有防篡改机制(如签名/只追加) 5. 查看日志导出是否与原始一致 | G7: 后台界面无编辑入口；接口修改被拦截；数据库层面有防篡改机制或日志审计；日志导出与原始记录一致 | H7: 后台页面无法在前端更改，日志具有不可更改性 | I7: PASS

Sheet 兼容性与回归
A1: 邀请奖励2.0 - 兼容性与回归
A2: 用例编号 | B2: 测试项 | C2: 优先级 | D2: 归属版本 | E2: 前置条件 | F2: 输入/执行步骤 | G2: 预计结果 | H2: 实际结果 | I2: 是否通过
A3: INV-COMP-001 | B3: 浏览器兼容性 | C3: P4 | D3: V2.0 | E3: Chrome/Edge/Safari三种浏览器 | F3: 1. Chrome浏览器打开配置页操作全部功能 2. Edge浏览器重复操作 3. Safari浏览器重复操作 4. 检查弹窗/下拉/按钮在三种浏览器下展示一致 5. 检查C端邀请页兼容性 | G3: 三种浏览器下功能正常；UI展示一致无错位；弹窗和下拉正常；C端邀请页展示一致 | H3: 三种浏览器下功能正常；UI展示一致无错位；弹窗和下拉正常；C端邀请页展示一致无错位 | I3: PASS
A4: INV-COMP-002 | B4: 窄屏与移动端适配 | C4: P4 | D4: V2.0 | E4: 后台管理页面在窄屏和C端在移动端 | F4: 1. 后台页面在1366x768分辨率下操作 2. 后台页面在1024x768下操作 3. C端邀请页在375px(iPhone)下查看 4. C端在320px下查看 5. 检查横向滚动和布局错位 | G4: 后台窄屏下配置页可用无严重错位；C端移动端布局正常；超窄屏(320px)关键信息可见；无横向滚动溢出 | H4: 后台窄屏下配置页可用无严重错位；C端移动端布局正常；超窄屏(320px)关键信息可见；无横向滚动溢出 | I4: PASS
A5: INV-COMP-003 | B5: 大量券选择的保存性能 | C5: P4 | D5: V2.0 | E5: 系统中有100张进行中的优惠券 | F5: 1. 打开券选择弹窗加载100张券 2. 查看加载时间 3. 选择20张券并保存 4. 查看保存响应时间 5. 查看已选券列表渲染性能 | G5: 100张券加载在2秒内；选择20张保存在3秒内；已选券列表渲染流畅无卡顿；无前端超时或后端超时 | H5: 1.暂不支持批量执行 2.手动执行加载无异常，无卡顿超时情况 | I5: PASS
A6: INV-COMP-004 | B6: 开关切换1秒防抖机制 | C6: P3 | D6: V2.0 | E6: 已有配置，切换开关 | F6: 1. 从关闭切换到开启，记录响应时间 2. 立即在1秒内再次点击切换 3. 查看第二次点击是否被防抖拦截 4. 等待1秒后再次点击 5. 查看是否正常响应 6. 连续快速切换3次验证防抖 | G6: 已确认规则:开关切换在一秒内无法重复点击；1秒内第二次点击被防抖拦截不发送请求；1秒后可正常切换；防抖机制前后端一致；切换后状态正确 | H6: 点击开关会有弹窗确认，无法重复点击按钮 | I6: PASS
A7: INV-COMP-005 | B7: 历史配置数据兼容 | C7: P4 | D7: V2.0 | E7: 从1.0版本升级到2.0，存在历史配置数据 | F7: 1. 升级前查看1.0版本配置 2. 升级到2.0后查看配置是否保留 3. 查看历史发放记录是否兼容 4. 查看字段映射是否正确 5. 查看历史券是否正常展示 | G7: 升级后历史配置保留不丢失；历史发放记录兼容可查；字段映射正确；历史券展示正常 | H7: 历史数据全部删除，不保留在新版本中 | I7: PASS
